岗位名称,岗位职责,是否为数字经济人才
办公室主任兼收费部主任,工作描述： 办公室主任主要工作：1.公司文件，档案工作管理；会议管理；车辆管理；公司费用管理；2.公司人事，物资，财务报表管理；3.经理交办的各项事情，协调各个部门完成工作。4.员工激励，绩效考核的制定，按月完成考核目标。5.政府各个部门协调，处理问题。6.员工关怀工作内容等。 收费部主任主要工作：1.收费日常工作，包括营业厅环境布置，营业员仪容仪表，接客话术等日常管理工作。2.每日报表数据 统计及月底数据总结分析。3.促销活动前期宣传，氛围布置，话术培训，配套准备工作及突发情况处理等相关工作。4.营业厅物资管理工作。5.定期地推现场活动宣传工作布置。6.团队建设工作。,0
设计经理,工作描述： 策划全年设计任务，分配工作，按结合每月节日，季节节气策划活动推广内容，独立创建公司金表分部微信公众号，通过后期完善，吸收粉丝1000+，跟踪公司新品珠宝上市方案，设计整套Vi，Si最终下发给各个分店与执行。,1
行政后勤,工作描述： 123456,0
大学/大专应届毕业生,工作描述： 在招商部主要负责百度推广，线上推广宣传，接待来访客户，解答客户疑问，线下接待来访客户，向客户介绍推广公司产品。,0
项目经理,工作描述：        本项目为无锡瑞慈妇产医院改造项目，为既有单体改造工程，总建筑面积为23876.8O，建筑高度为42.75m，地上主体十二层，裙房三层，地下一层，结构形式为钢筋混凝土框架结构。本次改造设计范围为：地下一层改造面积为671.81O（不含人防地下室，人防地下室面积为2323.1O），地下一层改造部分功能为餐厅；地上部分一层改造建筑面积为1831.28O，使用功能为门诊大厅、急诊大厅、药房、放射科等；二层改造建筑面积为2221.37O，使用功能为门诊诊室、功能科等；三层改造建筑面积为2221.37O，使用功能为手术室、产房、检验科、中心供应科等；四层改造建筑面积为1511.08O，使用功能为手术室、NICU、病案室、输液室等；五层至九层每层改造建筑面积为1620.7O，使用功能为病房、医护办公等；十层至十一层每层改造建筑面积为1620.7O，使用功能为月子会所、医护办公等；十二层改造建筑面积为762.8O，使用功能为医院行政办公室等（不含十二层9轴~27轴交L轴~V轴处原有办公用房，原有办公用房建筑面积为857.9O），本栋楼原设计为酒店旅馆建筑，现改造为专科妇产医院。,0
学生实践,工作职责：                                     为校园招聘企业提供志愿者服务,0
导演/编导/影视制作,工作描述： 加入三奥，得以接触更多面的多媒体影视化制作，特别是参与了多个展馆展厅项目后对多媒体内容在不同领域的应用有了更全面和深入的了解。    《福建师范大学美术学院纪录片》  《福建师范大学光电学院纪录片》  《福建师范大学校景点游览片》  《三奥智能家居展示片》-------影视实拍    《中国・贵谷》----- 三维动画制作    “ 武夷山赤石暴动纪念馆 ”  “ 福建贵谷多媒体体验厅 ”------场馆多媒体内容、音效、动线等设计    福建省科技馆互动游戏策划与设计,1
web前端开发工程师,工作描述： 工作单位：上海力融股份有限公司 工作时间：2014.10-2016.12 职    位：HTML5前端开发工程师 工作描述： 根据效果图布局，开发高可用性的web网页；利用后台提供的数据接口，用AJAX实现数据交互。,1
销售主管,工作描述： 1、根据公司整体规划，制订市场拓展计划。 2、积极开展市场调查、分析和预测。3、负责对业务工作进行分析、管理和实施。 4、掌握市场动态，积极适时、有效地开辟新的客户，拓宽业务渠道，不断扩大公司商品的市场占有率。 5、负责业务谈判、业务合同和协议的草拟。6、认真分析市场状况，为分公司经营管理出谋划策。7、对外公关品牌宣传，扩大公司品牌市场占有率。 8、合理解决有关客户投诉，热情解答客户提出的疑问，维护客户关 系，作好日常沟通工作。 9、定期汇报业务工作情况，及时调整方向与运作部门保持密切协作。 10、依据公司经营计划，提出全公司服务人员教育训练计划，并编审所需的教材，以提高服务人员的技能与素质。 11、按时完成总经理与店经理交办的其他工作。,0
中级软件测试工程师,工作描述： 1对需求进行分析和评审 2根据需求编写测试用例，准备测试数据 3编写自动化测试用例，运用python+selenium编写PC端和pad端自动化测试脚本，并对自动化测试脚本进行日常维护 4针对即将发布版本进行回归测试 5提交BUG并跟踪，并针对修复后的BUG进行验收测试，编写测试报告 工作业绩： 编写自动化测试用例，运用python+selenium编写PC端和pad端自动化测试脚本，并对自动化测试脚本进行日常维护 离职原因：                                 为了自身发展及未来规划,1
平面设计师,工作描述： 公司设计类相关工作，与内部以及第三方得沟通与洽谈。,0
材料员,工作描述： 管理现场材料,0
其他,工作描述： 1.作为一个店合伙老板兼店长，首先是管理好员工，薪资制定，激励政策以及奖惩制度制定 2.店内形象，产品陈列，价格组合，新品推广，售后服务 3.对接公司，组织门店活动以及广场活动，店内氛围布置，各种物料的制作，达到销售的目的 4.乡镇管理.乡镇政策制定，空白乡镇开发，安排乡镇发货，售后配件订单，整车进货 5.每天早上组织例会，对昨天的总结，今天的安排 6.了解竞争对手产品，销售，价格，渠道，以及他们的政策等 工作业绩： 工作业绩： 1.接手店面一年多，销量由1300增长到3400  2、乡镇网点由7个增长到21个  3、县城店面以及乡镇全面升级，城乡销量比例由7比3换成4比6（这样才是良性的）  4、竞争对手产品、政策、配置的了解是开发乡镇的关键  5、对店面的管理，由以前的脏乱差变成氛围浓厚、车型摆放有序、分区、结构调整  6、改善了以前的差的售后影响，赢得了广大客户的好评  7、当我把店转掉的时候，员工都哭了,0
实施工程师,工作职责： 实施计划编制、方案编写、调研客户需求及软件配置安装、培训客户、解决软件使用过程中出现的问题。,1
人资课课长,工作描述： 国内首座全4寸大功率LED外延片及芯片生产厂。 目前在人力资源部门负责的工作：  1.招募：根据年度人员需求负责公司直接员工与间接员工招募工作，保证公司的正常运转。目前人员从2010年07月的89人增长至目前的510人，满产达到829人。 2.培训：直接及间接员工入职后的职前培训工作以及整个公司的培训架构，规划及执行工作。 3.绩效：每季度进行一次绩效考核，根据台北的绩效考核标准向全公司传达和解释，督促全公司按时完成各部门绩效评核。 4.制度制定及修正：根据公司实际情况制定出目前公司没有的相关人事制度，对现有的不合理的人事制度进行修正。保证人事制度在公司的贯彻实行。 5.员工关系：员工转正，劳动争议，工伤等与员工在人力资源范畴内相关的一切争议的处理，保证员工正确的理解公司制度和要求。 6.专案：其它一切公司交办的项目性工作，如：劳动工时改变、职位说明书编制、集团性职位分析活动等。 7.其它一切领导交办的与人力资源相关的工作。,0
行政,工作描述： 协助公司完成 日常接待  收发快递 安排人员面试  会议室布置工作,0
消保科实习,工作描述： 负责农贸市场管理、处理消费者投诉，调解纠纷，以及对市场抽查。,0
人力资源主管,工作描述： 1. 配合总部人力资源部制定公司年度人力资源规划，细化各项模块费用预算，结合实际实施情况作出调整修改并推进执行。 2. 负责公司全程招聘。以部门需求为始点，通过内部晋升、员式推荐和外部招聘相结合的方式，找到最合适的人才，并同时做好人才库数据录入工作，为后期作人才储备。 3. 负责培训模块（主要是能力培训），包括员工入职培训、公共支持部门业务培训、轮岗培训、晋升培训、部门专业知识培训等等。通过培训反馈，注重改进培训方式及对内容作出调整。针对公司核心人员设置量身培训计划并做好风险控制。 4.负责绩效考核。根据部门分别采用KPI和360全方位考核，并与公司季刊相结合，上榜绩效结果并实质化，促进个人绩效提升。 5.员工关系模块。定期组织公司集体活动，官方与非官方活动一起，注意员工情绪变化，及时为有需要的员工排忧觖难。除此以外，做好员工合同及档案等文件管理。 任职期间，公司业务总业绩增长35%以上，受到集团及公司领导的多次嘉奖表扬。,0
研发部经理,工作描述： 1.负责部门的管理工作；2.协调并处理跨部门工作；3.参与IS014000、TS16949等体系审核认证工作；4.主导并参与专利申请、审核等工作；5.参与高端客户（如TCL、亿道等等）的前期导入、审厂等工作；6.对新产品进行评估报价等工作；7.主导高端客户新机种的全套开发设计项目管理工作；8.对产线异常处理提供指导性方案；9.审核并核准部门发行受控资料；10.对设计工程师提供技术支持等工作；11.按时、保质完成上级交给的任务等工作。,0
英韩翻译，人事部实习,工作描述： 熟悉工艺并进行相关翻译,0
软件实施工程师,工作描述： 公司主营业务：LIS实验室信息化管理系统，涵盖了试剂管理、冷链温控、血库管理、危急值报警、微信检验平台、物流APP管理、BI数据分析、排队叫号模块等。 个人工作内容如下： 1、负责LIS系统各模块的实施与维护。 2、负责实施方案制定、实施安装。 3、负责产品操作文档编写、现场培训、需求收集与引导。 4、负责配套硬件采购安装调试。 5、负责维护客户关系，与客户保持沟通，及时了解、接收客户反馈信息。 6、配合验收工作，协助编写相关技术文档。,1
专项客服,工作描述： 主要负责工作内容： 1、负责菜鸟项目各类数据分析（人效，工单数据监控）及流程梳理（菜鸟业务及COD业务培训）； 2、负责与菜鸟方沟通疑难问题（系统对接问题，举证内容）； 3、异常理赔工单处理； 4、组员疑难问题收集与解答； 5、理赔工单对账及台账制作； 6、协助处理电脑系统安装及基础设置。,1
社区运营专员,工作描述： -参与高考报道训练营项目。撰写微信推广文案，担任社群运营助手管理训练营微信群。吸引近200人参与微课，转化率约6% -整理分析往年高考新闻稿，访谈3位新华网、新京网资深记者，编写成7000余字“高考新闻采访指南”，供训练营参与者参考学习 -实地采访考生与家长，对考场内外状况进行实时爆料。共撰写30余篇报道，5篇登上“今日头条”APP上海频道首页，9篇阅读量达30000+,0
销售经理,工作描述： *负责上海商超的日常运作及管理，收集竞品信息，提出销售规划建议； *制定具体的业务拓展计划及销售计划； *保证销售回款，客户关系维护及各项目标达成； *帮助代理商团队开展销售业务支持；,0
风险控制,工作描述： 一、2015/4―2016/3      传统线下小贷风险审批，对贷款申请人申请材料真实性进行调查，多维度分析客户资质条件以判断是否为合格申请人；  二、2016/3―2017/8     1、 钱包业务审批工作 ：作为首批负责该项新业务的审批人员，实际参与审核流程及审核策略的优化，并提出改善意见；     2、纯线上业务审批工作：作为首批负责该项新业务的审批人员，实际参与审核流程及审核策略的优化，并提出改善意见；     3、员工培训：对新入职员工及老员工进行新业务的培训，储备人力；     4、团队管理：对团队各项工作指标进行管理及提升，并获得优秀团队奖励。,0
人力资源总监,工作描述： 企业简介：      复华控股，是集多元产业、金融、投资为一体的综合性现代控股集团。经过多年稳健发展和持之以恒的创新与努力，现已成功实现从多元产业企业向产业生态链企业集团的转型，现已发展成为涵盖地产、金融、投资、文化、旅游、健康、酒店、商业等领域多元化发展的大型企业集团，业务版图从中国逐步发展到全球布局，截止2017年，总资产规模逾千亿元，企业员工约10000余人；     复华文旅为复华控股旗下产业之一。复华集团以极具前瞻性的战略眼光，将复华文旅定位为“创新的文旅产业投资运营商”，打造成旗下集综合性文旅产业投资、开发、运营与管理于一体的创新型现代企业集团。 复华文旅围绕“健康、快乐、财富”三大核心，将文旅投资、产业开发、内容创新和整体运营作为发展重心，积极构建“文化创意产业、文化旅游产业、健康养生产业、海外金融地产”四大核心业务板块。 依托复华建筑设计院、开发建设公司等全国领先的合作伙伴，匠心独创复华未来世界、复华度假世界、复华未来城市、复华国际度假区、复华养老小镇五大产品体系，以精工作品布局中国一、二线旅游目的地城市和全球重点城市。          主要工作业绩：复华文旅地产集团 产品线总部人力总经理（代）兼长春项目人力行政总监     1、全面统筹规划产品线人力资源发展战略，开发短、中、长期人力资源，合理调配公司的人力资源； ?2、向公司高层提供有关人力资源战略、组织建设等方面的建议，致力于提高公司的综合管理水平； ?3、负责组织分析评估人力需求，制定招聘计划、招聘策略及招聘工作流程；负责高级人才的引进与评估； ?4、根据集团产品线战略发展，制定产品线组织架构、人员编制，并助推成立产品线事业部独立管理机构，规范组织权责划分；  ?5、根据产品线组织战略，制定产品线及项目公司人才发展规划体系； ?6、对产品线、各项目的人才发展、地域特征，编撰集团对项目的管控模式分析与建议； ?7、负责产品线骨干人才培养发展及猎聘；负责产品线及项目公司企业文化体系建设； ?8、负责制定适合公司产品线发展的薪酬福利体系和管理制度，建立动态的薪酬管理体系； ?9、制定产品线、各项目公司职级体系、考核体系；   10、制定项目公司物业管理体系；,0
基站督导,工作描述： LTE基站新建和升级现场监督和指导硬件安装，严格按照安装、接电、接地、防雷、防水等要求监督验收；,0
产品工艺/制程工程师,工作描述： 主要负责平面磨和外圆磨车间的工艺执行，以及装备车间生产线的模具的改善加工。热处理车间试验产品的检测。外购产品的图纸更改以及验收。部分车间的工艺纪律检查。,0
终端行销专员,工作描述： 负责策划与操盘经销商明星活动5场，全省联动活动8场，10多场活动落地经验，对小型客户团队打造及门店管理制度有一定见解，对于经销商渠道运作具有一定的经验，具备培训经销商能力提升经验。,0
数据分析师,工作描述： 熟练运用SQL，SAS，python，Excel制作数据分析报告；负责搭建基于Hadoop大数据平台的爬虫+文本挖掘项目，实现对公司内部各业务条线的需求支持；深度研究机器学习算法、Tensorflow框架,1
电工,工作描述： 工作中负责部分区域的点检，维护保养和各个区域报修维护工作,0
创新中心副主任,工作描述： 2012年9月加入国家东中西区域合作示范区及江苏方洋集团，任职于北京办事处，长期与国家发改委、环保部、交通部等部委相关部门及各大银行、协会、科研院所等机构进行项目对接，为国家东中西区域合作示范区的开发建设贡献力量。园区依托于港口，目前主要开发石化产业，是国务院明确的全国七大石化产业基地之一，发展前景广阔。  工作内容：行使驻京办职能 1、陪同领导对接国家发改委、环保部、交通部等相关司处，推进园区项目立项、审批及落地，为园区及区内企业争取政策支持和资金支持； 2、对接社会大型企业、科研机构及金融机构，为园区招引项目、引进人才、引进资金，组织筹备项目推进各阶段评审会、专家咨询会等； 3、负责新区及集团在北京的接待工作，为园区内企业在北京开展业务提供保障，同时负责北京子公司内部事务管理。,0
风险管理部总经理,工作描述： 2016年07月至2017年07月，海南金融控股股份有限公司。  2016年07月至2017年03月，海南金融控股股份有限公司风险管理部总经理，兼任海南国企改革发展基金管理有限公司监事、亚联盟金融资产交易中心（海南）有限公司监事及海南金投股权投资基金管理有限公司监事。  2017年03月至2017年07月，由海南金融控股股份有限公司推荐任下属参股企业海南海金宜创数据信息服务股份有限公司董事会秘书，兼任海金宜创融资租赁有限公司监事，海金宜创商业保理（深圳）有限公司监事，海南海金宜创小额贷款股份有限公司监事会主席。  工作描述：任职海南金控期间，负责公司管控体系建设，组织编制完成了《海南金控以风险为导向的管控体系建设方案》；负责公司本部及下属企业风险控制、法律事务、合规管理等事务；负责大数据及征信项目运作管理；参与海南国企改革发展基金、亚联盟金融资产交易中心、海南海金宜创数据信息服务股份有限公司（下称“海金宜创”）等组建事宜；负责海金宜创公司行政事务、法律事务及筹建期间公司内部治理事项，承办完成了海金宜创下属融资租赁公司、商业保理公司、小额贷款公司等经营主体设立和组建工作。,1
一级建造师，工程师中级职称,工作描述： 全国一级建造师  全国房产估价师  全国土地评估师  本人2002年至2006年在房地产评估事务所工作，主要从事不动产评估和资产抵押融资工作；2006年至今在国企规划工程部工作，参与国资平台多个自建项目开发建设全生命周期工作，包括规划、土地、消防、人防等设计报审和竣工验收、施工项目合同管理和审计报送、工程付款手续办理、城建档案竣工资料验收、房产交易权证办理等工作；,0
个人业务客户经理,工作描述： 宣传报道：编写学习报告，制作H5及秀米宣传报道，视频制作等。 营销服务：个金业务，推荐基金理财及贵金属产品，深入企业推广电子银行产品等。 内部培训：参与员工技能培训（五笔打字、数钞、计算器）、反洗钱培训、内控合规以及个金理财类产品学习、营销培训，提高业务知识，提升个人服务意识等。,1
物理实验助教,工作描述： 为北航本科生讲解实验原理及内容，辅助完成大学物理实验；期间无教学事故发生。,0
软件工程师,工作描述： 公司为国家电网旗下子公司，承接国家电网软件开发，在公司期间担任开发工程师职位。职责是 1.功能需求分析根据美工页面实现功能开发及功能测试 2.负责公司已有功能维护及bug修改,1
订单处理/跟踪/对接,"工作描述： 1.负责接收客户问题，维护客户关系及物流问题解决。2.出口货物的跟踪,时效分析，汇总以及跟踪货物突发事件及时与相关物流公司可协调解决3.与相关部门密切配合，及时沟通4.国外退回包裹的跟踪处理以及数据汇总5.定期汇报及统计的货物完成情况6.发货账单核对",0
售后服务/客户服务,工作描述： 任职雷克萨斯（中国）服务技术支援部技术室。现场技术支援协助4s店解决技术问题，技术信息收集促进产品改良，召回等市场处置活动总括等。,0
技术员,工作描述： 安防监控，无线Ap等弱电类电子设备安装，维护,0
客户执行,工作描述： 活动策划与撰写，统筹。供应商维系。,0
网页设计师/UI设计师,"工作描述： 项目描述： 实现疗养院医疗挂号、预约平台，具备人员管理及医疗团队排班功能，实现疗养人员的挂号功能。 前端项目架构： ?HTML+CSS样式实现页面视觉展示 ?使用Ajax+json数据格式实现前后端数据交互 责任描述： ?	负责需求原型设计 ?负责UI视觉设计 ?负责WEB前端页面开发 ?负责与外包团队的沟通协调工作",1
部门经理　,负责公司造价咨询的所有工作，2013年考过注册造价师，现注册在原单位,0
JAVA工程师,工作描述： 主要负责铁道在线平台的开发和维护工作，在开发部担任研发组长工作，小组3-4人，在日常工作中除了任务分派外，自己也负责一些研发工作，在这期间派到杭州参与杭州道易行电子商务项目，为期3个月，是这次负责人，负责服务端的开发工作,1
实习生,工作描述： ・通过快速学习和练习，短期掌握人才相关政策、人才系统操作方法、接线话术和技巧。细致地整理、审核文件材料1000余份。 ・负责办理人事代理、人才引进、户口准入、协议备案等7 项业务，完成窗口服务200余次，电话咨询服务完成接线服务80余次。,0
经营专员,工作描述： 所处部门为公司负责投标工作与商务接洽的部门，工作期间主要工作有： 跟进公司投标工作，投标工作中协同与各部门的工作交接；整理公司各大型项目的资料及合同，并录入公司信息平台系统，准备投标过程所需要的资质审查文件、联系工程部门确定项目经理人选等；陪同公司领导出差，运送标书及材料样板到甲方公司等；接待政府官员及甲方领导对公司的考察；介绍讲解公司情况,0
MES助理工程师,工作描述： 根据生产的需求，对MES系统进行维护。我的主要任务是， 一、当产线工程师需要调整过账逻辑或者卡控逻辑时，我根据需求对MES系统进行变更； 二、维护MES系统并指导操作工使用MES系统 三、对系统进行二次开发,1
人事专员,工作描述： 1.辅助招聘部门的员工初试工作。 2.新员工入职接待以及入职资料以及劳动合同的签订。 3.公司系统维护（主要负责公司OA以及系统的录入及维护） 4.公司档案的归档及整理 5.负责员工的劳动合同续签以及协调员工转正，调离工作 6.和各省分公司的行政人员做人事工作交接 7.参与公司会议做会议记录与总结。,0
应付会计,工作描述： 一、审核供应商发票与付款相关文件以及员工报销相关文件： 1、按照公司的内部审核制度，审核供应商发票与付款，看采购是否遵循SOP操作流程。 2、审核个人费用报销单据，要求规范费用报销流程，以加强对预算的控制。 3、按照会计准则的规定，进行账务处理，确保成本费用及相应的资产归集准确无误。 二、供应商和员工信息的维护更新：供应商和个人的银行账号和开户行地址相匹配，抬头准确，不影响付款进度。 三、预付账款的审核登记：审核预付申请的预算，及是否符合付款条件。降低预付风险。 四、安全台账（每月10日）：了解每月安全费用支出，加强每个月安全费用方面支出的管理。 五、统计数据外报汇总表（每月25日）：对项目类的支出进行分类统计，包括：土建、安装工程、设备、安装材料。 六、工资相关账务处理；依据上年度发放工资相关部门的发放比重提取年终奖，待实际发放时再做调整；费用摊销，包括：长期待摊费用、无形资产、预付账款等。 七、代垫关联方款项：审核相关办事处的费用报销凭证，及时跟进处理相关邮件，并入账。月末制作总的代垫关联方账单，催收代垫款。 八、月初关账（每月1日、2日）： 1、查看采购库存记录，检查库位（210T220T230T290T）是否正确，出现入错库位的情况需要与仓库负责人联系，及时进行调整，确保入库准确无误后才能关账 2、费用重分类（导出本月及上月库存金额，暂估清单，领料出库明细以及本月签入的GRV清单） 3、提供应付账款相关分析报表：AP余额分析表，其他应付款余额分析表。 4、依据每月发放工资相关部门的人数对上月工会经费及车辆费进行重分类。 九、发票催收：根据AP余额分析表和其他应付款余额分析表跟进预付款报销进度，同时催收暂估清单中入库时间较早而发票迟迟未到的情况，以免占用预算而影响后期采购。,0
学生实践,工作描述： 1，积极做好社团新成员的招募工作，同时协助选拔一些优秀且愿意为社团奉献的社员担任社团干事。 2，与社长或干事代表沟通，了解社员们在学习生活中出现的问题，进一步去帮助有困难的社员渡过难关。 3，协助社长去完善社团内部的例会制度，做好各项会议的记录工作。,0
实习生,工作描述： 了解基本零件、超大型零件的加工工艺，以及流水线组装整车的过程,0
产品/品牌经理,工作描述： 1. 品牌年度发展方向定位；   2. 年度全国新开店计划；   3. 品牌年度预算与整体方案制定；   4. 负责施丹兰全国月度常规市场计划；   5. 负责品牌在各渠道的促销活动方案与执行；   6. 负责分析促销结果；   7. 负责策划品牌大型活动，新品上市，新闻发布会等活动；   8. 负责品牌POSM管理及设定安全库存；   9. 负责维护品牌形象（DM，礼盒，柜台陈列设计）；   10.收集竞争品牌信息，为公司及时准确的制定促销策略；   11.负责宣传品牌形象，与各媒体沟通等,0
市场部督导,工作描述： 1.负责公司全国市场销售基础工作的稽核。  2.维护公司产品在市场上的正常流通销售。  3.对终端市场的最新信息进行及时收集以及反馈。  4・对销售人员的日常工作进行监督和规范。,0
店员/营业员/导购员,工作描述： 销售销售销售销售销售销售销售销售销售销售销售,0
电子商务部-服装品类-招商运营经理,工作描述： 我友网  | 电子商务部 | 服装配饰品类运营经理 互联网/电子商务 | 民营 | 规模:1000-1500人 | 8001-12000元/月   ―  负责带领20人的团队从事服装配饰的招商及运营工作。  ―  制定招商及策划运营人员的工作范围职责及KPI考核指数。  ―  结合公司要求，并根据横向纵向部门实际情况，合理设置部门组织结构和对接人员，优化工作业务流程。尽量减少沟通及磨合时间的成本。   ―  期间带动团队的理念、价值观及技能水平都有逐步提高，并形成了商家及团队里很好的良性竞争氛围  ---  对品类在其他网站的渠道推广，cps合作，lbs等资源的合作！制定EDM推广计划和内容.  ---  对商品的SKU搜索关键词设定，与研发讨论页面等对接工作。,1
网点经理,工作描述： 对于区域、人员、车辆运营梳理，营运质量管理。对于上级领导交代的各项任务指标及时知晓，在第一时间传达给所在网点的相关工作人员，每日开早晚会，安排一天的工作，总结每天的工作任务完成情况，分析各项数据。不定期给新进公司员工进行小规模的岗前培训。协助网点员工处理所遇到的棘手问题，处理好客户反馈信息，定期把网点的工作完成情况及各项指标达成率汇报给上级领导。,0
实习生,工作描述： 艺人助理与公司后勤工作。,0
高级招聘专员,工作描述： 当时受原招聘经理邀请硭居ζ父霉ぷ骰会。目前主要负责集团中电商事业部和仓储物流事业部各层级岗位招聘工作。 看机会原因：孩子太小，分居两地不利于小孩的成长和教育，接下来计划在南昌发展，定居南昌！ 故寻求南昌工作机会，看中的是公司发展平台，求职稳定的工作机会，薪资可面谈；,0
图纸深化/文员,工作描述： 要工作职能： 1、负责碧桂园银河城项目外装饰施工图纸深化、模版设计、与工厂对接，施工现场尺寸核对、修改及图纸保管的工作： 2、负责修改、确认施工合同及工人劳务合同； 3、负责公司办公用品采购、办公器械维护； 4、负责公司人员招聘及考察； 5、负责公司人事规章制度、福利待遇的编写，创建原始表格；,0
ios开发工程师,工作职责： 1、根据业务需求，主要负责应用程序的设计和开发； 2、 根据产品功能模块的设计， 实现各个模块的功能； 3、 学习和研发新技术以满足客户新需求； 4、 辅助测试人员完成软件测试。,1
前端设计师,工作描述： 1、负责网站活动页面整体的美术策划及网页设计制作；  2、负责站内广告、网页、图标、排版等的设计修改和维护；  3、根据渠道活动策划提供的设计方案并制作活动bannner及专题活动页面等工作；  4、与开发人员配合完成页面设计，编辑，前端静态页面开发；  5、与开发人员配合完成测试、调试网站兼容；  6、负责移动端产品UI设计，并输出供开发部门使用；  7、参与公司活动的设计策划与执行，设计制作促销活动页面；  8、负责各类平面设计工作，包括企业VI，活动海报，画册等；  9、协助推广企业形象的宣传工作，负责各项目中交互界面、图标、图片渲染等相关元素的设计与制作。,1
产品经理,2010年5月至2017年年底 岗位产品经理，负责产品立项，需求转化，产品样机阶段，转产阶段，小批量，批量等各个阶段产品的各种活动，负责协调产品上市后需求维护，售后问题解决。同时负责国内国际产品认证资质齐套，软件退税认证等维护工作。,0
建筑师/土建工程师,工作描述：      1、 负责一栋26层，建筑面积3.5万平方米的框架-剪力墙结构的商住楼，一栋7/-2层，建筑面积4.5万平方米框架结构的大型商场以及建筑周边5000平方米的景观工程。       2、进度 质量 成本的控制，现场的全面协调管理工作。,0
"waiter, manager",工作描述： 从餐厅服务员做起（订台，点单，酒水，调酒，客人满意度调查），一年后后升为餐厅经理（主要负责培训新员工，管理账务，以及基本的服务员工作）。（part time job）,0
展示/装潢设计,"工作描述： 主要是效果图设计与部分空间设计,参加案例:无锡灵山圣境涅堂(350万)  山东临朐华夏古文化艺术馆(1500万)  山东胶东烟台市民俗馆   浙江海盐(陪标)   山东新泰农业银行(工装类)          参加过保时捷4S店工程与室内设计，主要有外立面，室内展厅，室内维修，室内板金等等组成！主要负责效果图设计（室内与室外）",0
财务主管,1、建立企业成本表，完成成本核算，核算产品成本，确定收入成本与利润；  2、定期检查ERP数据流与各生产车间实际业务匹配，定期抽盘，确保BOM表准确性。  3、处理各类涉税业务，完成高新企业加计扣除，完成各年度所得税汇算清缴。   4、编制母公司及子公司各主体报表，汇总完成集团公司合并报表。  5、编织企业成本分析表，掌握成本动态，为企业进行成本控制提供直接依据。  6、参与成本指标测算与财务预算，配合企业宏观成本控制。  7、配合审计部门完成各年审计报告、跟催往来单位询证函回函。  8、配合完成与银行筹融资业务，配合银行完成各类银行报表与资料。  9、配合完成绩效考核指标，协助各部门提供绩效考核数据汇总，并提供绩效考评数据。,0
人力资源薪酬主管,"工作描述： 云海肴（北京）餐饮管理有限公司                            1.	薪 酬  ?	E-HR系统管理：通过定期对新用户以及问题用户的培训，追踪与必要的提醒；  确保所有用户正确使用e-HR系统；精通e-HR系统的操作；  确保每月通过系统正确计算工资与成本，保证高准确度高效率；  ?	薪资：全国90余家门店及职能部门（3000人规模）薪资核算、申报及按时发放，  实现人工成本合理化；  完成每月人力成本统计及报告，找出机会点；  负责年度薪酬福利的财务预算，控制人工成本  主导完成每年2次的薪资调研与薪资架构的设置、薪酬方案的制定；      负责各类奖金的核算及发放；       个税：全国五大城市个税申报，确保及时性和准确性；     2.	福 利  负责北京区域员工社保及公积金的增减变动及各类事件报销。  负责社保和公积金的缴纳、基数调整、增减变动，相关费用报销  沟通与宣导公司的相关福利政策    3.	培  训  “云海肴内训师”认证  负责针对新入职员工及各人事考勤员培训公司相关薪酬福利制度；  负责HER系统上线及操作相关知识普及，保证薪资及各项人员信息的正确；  负责组织月度、季度等人企专员的培训及团建活动，增进团队协作能力；  及时跟踪培训，并统计分析培训效果  后期解答各考勤员关于薪酬福利模块的问题  4.	其  他   协助HRD完成公司各项制度的整理、修订及发布   办公室行政，供应商的选择与管理，费用结算",0
行政经理兼总裁助理,工作描述： 1、根据集团人力战略中心的发展战略全面负责公司行政管理工作  3、组织拟订公司的月度、年度行政管理预提、预算，计划和审核行政管理费用、控制行政管理成本  4、公司企业文化宣传、内刊编辑、组织公司年度旅游活动、大型会议、年会等  5、公司固定资产管理，定期盘点、采购  6、行政部门管理工作，对部门工作目标、工作计划、工作结果等进行检查、考核与指导  总裁助理  1、总裁每月月度会议安排跟进、集团会议安排  2、各部门重点工作跟进  3、安排的其他工作,0
电话销售,工作描述： 负责电话销售,0
设计师、预结算、采购、签署合同及供应商谈判,工作描述： 主要负责则下列事宜 1、负责公司门窗幕墙图纸设计、订料、预结算、出施工图 2、参与负责公司供应商选择、价格、付款、交货周期、拟定签署合同、后期跟进、催货、付款 本人沟通能力强、执行力强、做事认真负责、善于总结,0
客户经理,工作描述： 主要驻点小区，负责房产抵押贷款，理财服务，基金和保险财富工作。将近两年的时间，贷款业绩5000万，理财金融资产1600万。有得过银行颁发的有效客户提升前十名奖！银行人员负责的工作都有接触,0
客服专员/助理,工作描述： 暴雪游戏客服服务专员，专门接受和处理玩家的问题，大规模处理游戏内爆发性问题，有较强和玩家妥善交流的能力。,0
财富管理顾问,工作描述： 1、负责个人及银行和非银机构业务的拓展及维护，提供满期客户后期服务；   2、负责金融产品推介会与市场推广方案的制订及执行； 3、负责邀约客户到公司梳理以前所购买我司保险产品，产品权益； 4、负责开发客户理财意识，推荐新的保险理财产品；,0
融资经理,工作描述： 1、洽谈业务合作，进行商务开拓； 2、制定相关业务规范、落实各业务流程、监督各岗位职责； 3、搭建部门内部组织架构及人员岗位安排； 4、督导本部门各项工作，检查并跟进各环节进度，承担业务风险控制责任； 5、拓展本部门各版块业务，参与研发投行业务产品； 6、组织业务经验交流，提升各板块人员业务水平及工作效率； 7、营造积极工作氛围、促进执行工作任务； 8、协调对接集团各部门各分（子）公司之间的关联业务； 9、传达各会议精神，传播集团文化精神； 10、执行上级领导工作安排，接受相关领导监督检查； 11、完成其他机动性工作任务。,0
室内设计师　 室内设计师　　,对项目进行分析，配合设计总监做概论方案并落实，定搞后施工图绘制，及施工中配合现场施工，协调解决施工过程中的各项问题。,0
高级理财顾问,工作描述： 1.负责个人客户的开发，资产的引进 2.与客户会谈和沟通，掌握客户的信息，分析客户的基本状况，掌握客户的理财目标和需求，为客户提供理财建议 3.及时收集客户的反馈意见，对方案的实施结果进行分析，并撰写报告总结 4.手机开户视频见证客服,0
结构工程师,工作描述： 2016.3-2017.9 富士康富精密组件（深圳）有限公司     产品结构工程师    ◎ 在职期间为固态硬盘接口部件（PCIE-SAS），手机射频天线接口部件(RF)，责任结构工程师，全权负者新项目产品开发，量产相关事务。 ◎主导开发Intel量产改善第四代MINI RF 接口。  ◎在职期间为三星固态硬盘，开发设计部分接口部件。改善希捷超高速传输接口速率稳定性，改善12G部分产品，结构量产性。 ◎在职期间为微软X-BOX，设计传输模块外部全套屏蔽罩零件，主导整个项目，产品送样，稳定量产交货。 ◎ 参与苹果新一代产品零部件开发段工作。  ◎ 在职期间作为自己项目产品leader，负责新产品项目proe 3D结构设计，CAD 2D出图，公差分析规格定义。新产品包装材料设计出图，熟练使用proe CAD。对冲模塑模有一定了解，非标自动化机构有一定了解。 ◎ 主导协调场内相关工程部门，进行新产品设计可行性分析，预估成本。提供成品成本数据，给PM报价给客户。 ◎ 新产品设计定稿后，全面负责主导协调冲压开发部，塑胶模具开发部，自动化开发部等相关责任部门资源，按照设计图面要求，设计加工新模具和装配所需工件。 ◎ 新产品新材料评估，BOM表制定，装配流程图制定，包装规范制定，新产品海关关务备案。 ◎ 新产品项目进度，全面跟踪主导推进。充分利于自己的专业能力，和各部门资源。协调解决新产品，开发制样过程中的问题，按客户要求在规定时间内送出合格新产品。 ◎ 量产产品工艺完善和成本优化，解决现场生产重大异常，日常工程管理系统相关产品工程文件资料制作更新。,1
java开发工程师,工作描述： 负责开发项目进行确认需求、分析、设计、编程、测试、服务器环境的搭建等工作 协助系统的日常运营和支持 进行编码的实现，确保性能、质量和安全 维护和升级现有软件产品，快速定位并修复现有软件缺陷,1
ui设计师,工作描述： 1、负责网站所有页面设计和修改； 2、负责公司平台官网的设计、更新； 3、参与产品构思及界面优化，提出对产品界面规划的见解，把握产品最终界面实现效果； 4、独立完成UI相关设计、切图与界面规范输出，结合产品的特性等进行合理的配套的UI设计； 5、不断跟踪改进视觉元素，优化提高用户体验。,1
网页设计,工作描述：1负责网站基本架构的设计、网页框架的调整。   2、负责公司广告、图片、logo的设计制作。,1
市场调研,"工作描述： 根据市场情况,寻找目标客户,进行市场调研",0
电子/电器维修/保养,"工作描述： 1>每日生产线不良品的维修和电路分析,协助PE工程师处理新产品的导入和产品的异常分析  和跟。  2>有开关电源10年以上的维修工作,熟悉电源架构及生产流程.。  3>05年至07年在高效电子担任线长职位,负责产线的8S及每日产能。  4>新进人的考试培训及物和不良品跟踪。  5>熟悉流水线现场管理,懂得计划目标设定与安排。  6>熟悉电子产品的组装与加工作业,人员培训与士气的提升。  7>熟悉流水线品质异常的处理,首件制作,结单安排。  8>员工出勤及绩效考核管理。  9.主持早会召开,上级交附的其他任务。",1
ios软件工程师,"工作描述： 在公司，作为掌厅组组长主要负责的工作有： 1. 对业务进行培训，分配任务给开发人员。协调大家完成开发任务； 2.提供和规范开发准则,代码评审,优化代码结构； 3.参与开发任务,研究新的技术难点； 4.APP应用打包上架生成下载二维码； 5.解决项目开发、运行中出现的各种问题； 拥有一个基于MVVM的成熟的APP框架,以及良好的代码书写规范. 了解一个项目的完整开发历程.善与UE和产品讨论产品演变需求开发. 使用过即时通讯，直播，和消息推送等多个第三方平台. OC开发中，掌握RUNTIME，多线程，内存管理，Quartz2D绘图, QuartzCore动画，自动布局，和了解/HTML/JS/前端技术.  业绩描述： 负责虚商掌厅产品经理日常工作，带领团队做好研发工作，和日程安排工作，协调测试，运维，研发一起完成指定需求，和民生，用友，优酷，建立良好的合租关系。",1
Python开发工程师,工作描述： 公司属于高新科技行业，主要负责公司weex交易平台后端的开发，主要使用Python+Flask+mysql+redis，负责活动模块，admin后台管理,1
监理员,工作描述： 2015年6月毕业于天津大学仁爱学院港口航道与海岸工程专业。四年大学生活，我系统全面地学习了港口规划与平面布置、海岸动力学、工程力学、测量学、工程制图、钢结构、水力学、运筹学、管理概论、工程项目管理、工程地质、工程监理、土力学和电工学等港口航道与海岸工程学科的基本理论和基本知识，具备一定的港口航道与海岸工程设计、施工与管理的能力。  2015年9月，本人接受派遣到广西省北海市铁山港区北海炼化项目石化码头工程监理部，担任文控监理员。该工程新建两个5000吨级泊位及配套设施，包含码头及引桥、码头至辅助区北侧围墙的管线、供配电、消防、给排水、自动控制、通信、导助航、安全监督设施、土建、暖通、港作车船等及配套设施所涵盖的全部建设内容。  该工程包含码头水工工程两个码头泊位，建筑工程的工作楼，设备安装工程的装卸工艺设备。我的主要岗位职责是1、负责监理部文件资料、监理人员工作文件的收发、整理和归档工作；2、负责监理会议的记录，协助编制会议纪要；3、根据总监的安排协助做好后勤物资、办公设施的管理；4、负责监理归档资料的收集、整理、建档、移交。通过文控监理员一职，我具备了编制文书公文写作能力，并熟练使用Microsoft office办公软件，具有档案从业人员的知识和资料员的知识。工程资料一定要做到过程的把控。加强与地方质监站的沟通，避免中途因单位工程划分而引起资料重做的问题。  2016年4月，本人接受派遣到广西省湛江市东海岛中科合资广东炼化一体化项目码头工程项目监理部，担任监理员一职。该项目包含围堰航道港池疏浚及吹填工程，护岸工程，道路工程。七个顺岸码头，一个30万吨原油泊位。围堰航道港池疏浚及吹填工程主要以水上船舶施工为主，水上施工工程量大，受台风天气影响：水上施工工艺较复杂，技术要求高，施工船舶、机械多；海上施工的定位测量工作量繁重、要求高、难度大。港池疏浚工程一般工作量较大，要求施工单位必须及早投入足够的施工船舶进行作业，并加强施工过程的扫海测量控制，在安排施工计划时要充分考虑后期扫浅和核验需要较长时间，以确保施工节点工期按时完成。通过现场的监理，旁站监察承包人施工，及时发现和纠正施工中发现的问题。对陆域形成，高桩码头，板桩码头方面的知识有了进一步的认识。    到目前为止，我基本具备了档案学，施工监理等相关知识。,0
区域经理,工作描述： 1.市场调研分析定位，找到目标客户，完成区域店面建立。2.制定营销策略，完成市场布局。3.销售渠道管理、客户维护。4.协助大区经理和公司高层完成其他工作。,0
web前端开发,工作描述： 创业公司，是公司第四个前端员工。根据需求使用HTML5，CSS3，BootStrap等技术完成前端页面的搭建与编写。使用JavaScript，jQuery等技术实现页面动态交互，并在后期对代码进行维护与bug修复。,1
会计文员,工作描述： （1）账务处理、原始凭证的审核，及各科目余额帐实相符的审核现金、白条、其他货币资金的盘点。 （2）负责采购合同的审核、应付账款的审核、价格的审核；负责物流费用的审核、仓库材料的入出存审核。 （3）日常的现金收支业务，提取备用金发放工资，现金和银行存款的凭证及日记账的填写；公司资质的办理及变更。,0
项目经理,"工作描述： 工作职责： 1、	IT项目经理，团队开发维护；  项目类别： 1、	利进货运系统(Ligentix)开发维护；客户货运数据对接 2、	国际物流CargoWise系统维护开发；",1
ERP技术/开发应用,工作描述： 负责SAP系统客制化二次开发,1
项目质量工程师,工作描述： 1、负责项目整体进度，根据客户要求安排阶段性工作；协调项目开发阶段所需资源，保证项目开发顺利进行； 2、定期组织项目会议，讨论项目进度风险并解决； 3、根据客户需求，向客户汇报项目情况； 4、产品质量检验方案确定，编制产品检验指导书并培训质检员，保证产品质量合格； 5、项目APQP计划、控制计划等相关文件编写；,0
软件测试工程师,工作描述： 根据需求编写测试用例，搭建测试环境； 编写测试方案，测试报告； 根据需求用不同的工具进行测试； 用所有的可能去测试软件，最终让软件达到客户的要求。,1
Java开发工程师,工作描述： 支撑现场定制 参与需求的分析 数据库规格说明书 story文档 vdd文档及负责模块代码的编写,1
.NET开发工程师,工作描述： 此项目中我主要负责中国网生活消费网的维护与二期开发，优化项目。另公司接了一个外包项目，由我和项目组成员一起开发，后台主要由我一人负责，工作主要内容为项目的需求分析和数据库设计、代码开发，主要运用了linux常用命令和服务器部署，.net framework框架、熟练运用SQL语句。,1
销售主管,工作描述： 主要做环保监测设备，负责太仓吴江昆山等区域的客户拜访，市场联系于开拓。主要是环保这块的智能监测设备，以及环保监测口的智能监测这块的业务。以便环保部门对企业排污的督查。主要和当地的环保局以及企业打交道为主。,0
人力资源,工作描述： 主职在人力资源部，日常协助各事业部的行政工作,0
项目经理,"工作描述： 主要负责协调项目上客户关系、工程正常开展、进行收方,管理项目上物业品质等工作",0
产品助理产品专员,工作描述： 产品助理： 1.????协助部门负责人进行部门管理工作与对外部门的沟通工作； 2.????跟踪、监督、协调公司重要研发项目进展情况、监督部门工作进度； 3.????协助负责与外部部门工作的对接，公司有关的日常管理与活动的策划、组织及反馈等； 4.????部门办公用品领用，及部门设备、物品及资料文档的统一管理； 5.????负责协助有关会议的会务安排事宜，记录、整理会议纪要，并根据需要撰写邮件、公文、报告等； 6.????做好部门后勤保障工作，处理部门事务，以及与其他部门间相关日常工作关系和事务处理； 7.????根据工作日程做好有关人员的预约、接待、会议准备等事务。整理、存档部门资料、文档。 8.????????协助部门领导，做好企业的文化宣传与建设； 9.????????完成其他临时交办的任务。   产品专员： 1.产品的上市发布、产品培训 2.产品控价整理 3.重要客户、重要产品的客诉处理 4.负责行业市场信息、竞争对手产品信息的收集整理,0
生产计划/物料管理(PMC),工作描述： 1.物料采购计划的下达。2.物料平衡报表，缺料预警。3.物料呆滞分析处理。4.物料异常协调处理。,0
财务中心财务科副科长,工作描述： 历任出纳、费用会计、总账会计、税务会计、成本组组长、财务中心财务科副科长； 负责成本组、费用会计、税务会计、总账会计管理，组织实施涉及费用、税务、总账、会计报表、财务分析等等工作的审核、控制、管理。,0
前端开发,工作描述： 微信端的页面开发，以及一些互动游戏的开发（例如砸金蛋 刮刮卡，转盘）等等         解决移动端各种适配会出现的问题，提供更完美的方案         公共组件的创建，公共模版的创建，帮助团队贡献自己的成熟方案         时刻关注新技术的发展，选择需要的框架来高效的完成工作,1
销售经理,工作描述： 在执行销售任务之前： 一、了解我所负责的医院的年实际采购规模和本单位目前所在此家医院的销售占比份额，并且尽可能多的了解到同类型公司在此家医院的销售占比份额及品种架构。 二、收集信息资料，包括所有于工作相关人员的姓名、职务、联系方式等等。 三、在合适的时间段拜访我所负责的客户搞好客勤关系及服务工作。 四、配合与我公司合作的工业合作伙伴及商业合作伙伴在此医院的项目等等。 执行销售任务之后： 一、每周定期向上级主管汇报本周的销售工作进展情况及客户情况。 二、制定周，月工作计划。 三、跟踪月度的销售指标及回款情况，尽可能的完成公司下达的指标。 四、跟踪与我公司合作的工业合作伙伴及商业合作伙伴在此医院项目的进展情况。 五、每月末或次月初向上级主管汇报当月的各项指标达成情况和实际执行中遇到的问题。并对次月工作作出规划安排 从事销售岗位期间，获得过多次获得公司先进个人称号，优秀员工称号。并且于2011年还获得过国药控股集团年度销售明星殊荣 主要销售的产品是医药类产品 可以提供“渠道资源”“客户资源”“运营商资源”“医疗行业资源” 从事渠道销售的地域主要在合肥及皖南部分区域 经销商的层级主要有省级及区域及代理或总监 有长期的实际销售工作经验，良好的沟通能力，能很好的与团队配合完成公司下达的各项指标。做事认真负责，肯学习和听取他人的意见和建议。,0
核心系统开发工程师,工作描述： 1、负责MES故障处理维护  2、负责数据库故障处理维护  3、负责工业4.0故障处理维护  4、负责网络维护  5、负责linux、windows桌面维护,1
销售主管,工作描述： 工作范畴包括店内人员调配，店面业绩规划完成！,0
软件工程师,工作职责： 主要负责对铁路信号自动化管理系统的开发，以及相关文档的设计编写。主要模块有：任务模块、报表模块、配置管理模块、系统设置模块、地图模块等。该系统主要运用code first自动生成数据库，Linq技术操作数据库，Jquery技术控制界面的一些动态效果以及Ajax进行一些无页面刷新的操作。 详细情况：   任务模块：主要运用Ajax技术编写，客户通过编写年、月、周计划表自动生成每天的工作任务，再通过工长或者有相关权限的人把任务发派给相关的信号工，自动生成派工单，然后提交各个任务再填写当天的工作日志。 报表模块：可以查看各个设备的作业情况、工具的使用情况、每个月的任务完成情况、工具出入库的情况等等。 地图模块：主要运用JQuery、Ajax控制站场图的放大、移动、以及站场图上面的设备位置变化，点击设备显示相关的信息。 配置管理模块：主要包含设备信息的关系、作业类别的管理、工具信息的管理、设备、作业、工具相关联的管理等。 系统设置：主要包含用户信息管理、数据字典等。,1
四车间主任,对车间人员培养，技术创新，生产计划，工作安排，品质处理，团队建设，等 产品年产量400一500万件，多次荣获先进生产车间。,0
分析检验员,工作描述： 负责食品化妆品中添加剂、营养物质、农兽药残留的检测，独立承担相关检测项目的方法开发、方法确认、常规检测，积累了丰富的食品检验相关经验，精通HPLC/UPLC-MSMS/PDA/FLR/ELSD等分析仪器的使用及维护。,0
网络编辑,前期做校对，后来做文字编辑、校对，并建立了公司内部网站做内部网站资料库，后被调到印刷厂见习半个月。,1
技术总工、股东,工作描述： 在宁夏银川市注册建筑劳务公司，以劳务公司形式承建红宝.锦秀河畔小区，建筑面积约18万O，本人任职项目技术总工兼项目生产经理职位，全面主持项目施工生产任务及后期与业主方工程结算事宜。,0
人人无线部门,工作描述： 一：人人Service 二：视频通信研究 三：人人快传,1
卖场经理/店长,工作描述： 主要负责店铺的营运工作，范围包括：人员编制，人员招聘，店铺开发，货品管理（订货，退货），货场管理，促销管理，仓库管理，库存管理，货品陈列标准及控制日常损耗，制定每日，每周，每月的销售目标，处理日常文件以及各类报表，及时跟进公司每日的公告及货品促销信息，接待有关政府部门的检查及处理顾客投诉。     自本人进公司以来，对本职工作认真负责，熟悉店铺流程，合理分配员工任务能有效率地完成每天工作，努力达成公司下达的销售目标，合理解决顾客投诉及疑问，与同事和睦相处，发挥团队合作精神，以身作则带领下属。 离职原因：                                 转职,0
贸易/外贸专员/助理,工作描述： 负责公司对外贸易，外商客户的询盘，报价，报关等外事工作。处理公司元器件的规格数据的翻译，公司展会的外商接待。,0
螺纹磨床研究所电气室,工作描述： 从事各类机床电气设计及工艺设计工作 业绩描述： 各类数控机床的电气设计工作,1
效果图设计师,工作描述： 主要负责样板间、医院、政府部门办公空间等效果图设计,0
英语培训主管/英语教师,工作描述： （工作岗位先是担任幼少儿英语教师，后来升职为培训师英语培训主管。） （一）教师培训工作内容： 1.负责课程体系讲解及相关培训，学习先进教学方法并运用于培训； 2.负责对新师组织并进行岗前培训及教学、教法的培训，并进行考核； 3.负责对在职教师进行教学培训，定期进行教学分享和内训、提升和改进教学质量； 4.负责对全国直营校及加盟校的教师进行理论培训，教学实践培训，上英语示范课 5.负责对全国校区的教学支持，对直营校及加盟校的教师进行教学、教法的培训； 6.根据学校需求制定培训方案，制定培训计划，准备培训资料，制作培训课件； 7.上英语示范课并进行讲解，定期下校对教师进行听评课，并提出建议； 8.定期总结每次培训结果，进行分析并在此基础上改良培训方案； 9.通过高校宣讲，网络平台等各种渠道招聘并面试教师； 10.完成领导安排的其他工作，积极配合其他部门工作。 （二）英语教学工作内容： 1.教授《剑桥国际少儿英语》、《新概念英语》、《Phonics 自然拼读》、《国际音标》、《剑桥考级辅导》、小学VIP1对1等课程； 2.辅助招生，对学生的英语能力做测评； 3.负责维护与家长关系，定期沟通学员学习情况，参与完成升班续费工作； 4.积极参与总部与学校组织的各种培训、教研、讲座和会议等； 5.完成领导安排的其他工作，积极配合其他部门工作。,0
游戏策划,工作描述： 主要负责系统和关卡策划，另外也做些UI、AI和数值调整的工作。,1
生产经理/车间主任,"工作描述： 2008-2009陶氏化学 聚苯乙烯工厂生产代表  主要职责和成绩包括：  1.环安协调  2.陶氏化学（张家港）全厂天然气管线改造项目  3.工艺优化及改造项目   4.工厂资产利用率  5.工艺参数调整和产品质量保证  6.工厂节能（燃料，电力）项目  7.2008年，2009年两次聚苯乙烯工厂开停车。  8. 新原料与新产品试验投产。  9. 陶氏各种管理系统及全球新标准在聚苯乙烯工厂的推广。    2008-2009“陶氏化学全球生产制造新工程师三年培训项目” 亚太区唯一代表。  此项目由陶氏化学全球高级培训总监，各国家地区培训经理及工程师代表构成，培训对象为陶氏化学全球所有生产制造新员工。  主要职责：  1. 制定各类工程师技术技能要求和角色发展计划，及有效的跨专业培训方案  2. 制定新员工入职培训计划及导师培训计划。  3.制定针对生产制造所有工作岗位的学习计划。  4. 筹划新员工入职流程及全球新员工会议。  5. 制定针对所有生产制造新员工的现场技能培训计划。  6. 制定生产制造新员工的评比认证方案。    2009  主持建立陶氏欧美环境员工过渡培训项目  针对欧美现有员工与陶氏全球标准巨大差距的现状，领导建立包括以下主要内容的培训系统:  1.建立原欧美员工技能评估方案  2.制定针对所有原生产及工程部门工程师在职轮岗计划及学习计划  3.制定阶段评估计划  4.推行陶氏美国密歇根工厂“最出色操作方案”,对新员工进行符合陶氏全球及行业技能要求的培训。",0
软件工程师,"工作描述： 1、飞奥燃气项目系统（MES系统，生产制造执行追溯系统,B/s框架）的部分模块开发、测试、实施。  2、 Pccs项目系统（MES系统，生产制造执行追溯系统,运用到B/s框架、采集器PDA程序、c/s框架）的部分模块开发、测试、实施。        3、 藏宏、泛成项目系统的部分模块开发、测试。（MES系统，生产制造执行追溯系统,c/s框架）       4、NSK（PDA程序）、新大洲（PDA程序）、门票Tickes系统（C/s）、防串货程序(C/s)、样衣等项目(c/s)的测试       5、全家便利店项目（PDA程序）开发、测试和实施 公司主要从事:  PDA程序的和C/S程序开发。到后期加上B/S程序开发。 主要参与：MES产品追溯系统、RFID样衣制造系统、RFID服装防窜 货系统、堆场管理系统、嵌入式PDA程序 我们公司人少，所以事情都是一起做，什么事情都做的。（调研、开发、测试、实施）",1
数字营销助理,在位于澳大利亚悉尼的Digital Jungle公司担任数字营销助理： 1. 管理 6 个客户的社交网络账户，包括主题设计，内容制作，发放，效益测评和活动策划； 2. 为澳洲品牌新产品进驻中国市场制定市场进入方案； 3. 通过分析中国美妆护肤网络红人的网络互动量和优势特征，建立美妆网络达人管理系统。帮助澳洲品牌更加迅速和有效的锁定合作对象。,1
前台文员,工作描述： 前台接待，客户咨询，考勤统计，录入客户信息。 离职原因：                                 想获得更大的发展空间。,0
腾讯学院运营实施岗位,工作描述： 1、?协助项目经理策划培训项目（涵盖专业发展类、资源平台类、新员工类、晋级类）以及独立整体落地实施并执行项目。?  2、?沟通整理外界资源、物资采购管理。?  3、?各类数据的定期整理及分析，以及季度、年度汇报。  4、?培训效果跟踪、项目复盘及资料整理。  5、?设计并制作输出项目宣布海报、banner、周边等物料。  6、?输出线上电子学习平台内容及课件。?  7、?课程开发及评审。  8、?培训体系搭建与优化。  9、?统筹和实施项目、团队、部门团建活动以及年会。    大型重点项目经验：《腾讯首届质量峰会》、《腾讯首届技术运营峰会》、《前端体验大会》、《腾讯第七届安全技术峰会》、腾讯产品经理培训生培养项目、2015年腾讯学院部门年会    沉淀：熟悉腾讯公司级和部门级培训体系。能够独立运营项目，善于跨部门合作、发掘资源，能够高效管理时间。获得个人进步奖，并在一年内晋级。,0
设计师,1、主案设计。2.、业务管理  3、团队管理 4.、品牌活动推广。5 、案例审核。,0
仓储物流主管,工作描述： 2004年7月进入华劲服饰工作，主要职务：仓储部主管，工作范围：工作计划的制定 ，各部门之间的对接工作，多次出差到各个合作工厂督促生产进度，协助厂家处理物流发货各项事宜，全国20多家店铺之间的货品调配及一些售后辅助工作。对畅销服装款式，有独到的见解。期望管理及销售类的职位。,0
HR Supervisor,* Recruiting & Training Support;  * C & B & Performance Review;  * Also at as Adaim & Casher;  * Report to：Finance Director                               Subordinates：N/A,0
设计师助理,我有幸在李宁有限公司运动时尚部门担任设计师和产品经理助理，这次实习工作给了我宝贵的经验和帮助。 我把我的灵感和创意完美地融入到自己的设计当中。 曾担任李宁运动时尚部门服装设计师和产品经理助理，主要工作是辅助设计师设计和开发产品，并且独立绘制了2018年多款服装的款式图。 我很幸运，我设计的衣服被公司选中，并将在2018年上市销售。 这段经历不仅考验了我采集信息，归纳灵感和创新设计的能力，而且也了解到产品，销售渠道和消费者之间的重要性。,0
软件测试工程师,工作描述： 主要负责了电池充电高低温策略行为，电池充放电，电池过流和过放，不同充电器充电效率等任务的测试，编写测试用例，规划测试流程，搭建测试环境，执行测试并输出最终的测试报告,1
软件开发工程师,工作描述： 在光大银行法人统一额度项目组负责开发工作 1、需求分析，详细设计文档的编写。 2、代码的开发，技术测试、代码走查、及BUG调试,1
管业部经理,"工作描述： 1、任职期间有写字楼前期接管及后期统筹、9001质量体系认证的丰富经验 2、就职于海航旗下的海南航空大厦、海航大厦项目管理事业部，主要负责对部门的统筹管理；依照公司决议及企业精神，制定并落实部门的年度、季度、月度工作计划 3、监督部门各项工作落实情况，定期了解项目办公客户具体需求，调整客户服务方案 4、收取租金、物业费、能源费等费用，处理重点客户投诉及反馈工作 5、组织并策划有利于公司发展的客户活动 6、制定和改进本部门的各项管理制度和操作规程，不断提高服务质量和工作效率 7、做好外包公司的监管工作,定期巡视项目配套设备设施 8、早晚召开例会进行工作安排及总结 ,定期安排员工培训及考核工作 9、不定期的进行各类宣传,监督并指导客户做好防火防盗等各项工作 10、负责公司与相关单位建立良好的沟通渠道，为物业工作的正常有序开展，创造良好的外部条件",0
前端开发工程师,工作描述： 1、负责WEB前端页面的开发和实现；  2、负责实现pc和移动端页面各类交互效果、动画和特效；  3、现有项目前端界面的优化；  4、与后台开发人员相互配合完成项目；  5、完成上级交给的任务等。,1
企管助理 副总秘书,工作描述： 全面主持、协助完成办公室（行政、企管、文秘、团组织）事务：  1、负责起草和发布公司各类通知、公告、会议纪要；  2、参与制定公司制度、汇编，以及集团公文的上传下达工作；  3、组织、协调公司各类会议、接待、签约仪式、展会等活动，如：生产经营会、基地启动仪式、公司年会、纸业林业展览会、首台套签约仪式等等；  4、负责维护公司环境，绿植租摆、卫生保洁相关工作；  5、负责公司安全管理，总部安全管理以及公司基地安全工作的管理及指导工作；  6、资产管理，公司装修、固定资产、办公用品等公司资产的管理、采办、建档、维护等工作；  7、公共关系管理，政府机关、物业、证照维护等需沟通协调的工作；  8、生产经营管理，公司经营情况的监督、资料汇总分析，以及向集团公司汇报，如经营统计分析、经营数据统计等；  9、负责公司副总经理日常事务的协调、办理等，全面协助副总经理完成日常工作，帮助梳理各类政策制度、工作的督办以及上传下达任务  10、负责公司团委各类工作的开展，作为团委书记，全面管理团委工作，组织各类团活动。,0
销售总监转前厅经理,工作描述： 刚开始入住（瀚金佰贵宾楼友谊路店、4000平）做销售经理，负责客户的用餐预定、维护客户、开拓新市场以及参与销售部人员日常管理工作，一年半后转职主要参与本店管理工作，管理营业部、楼面部、销售部、后勤部等的管理工作，配合总经理完成公司制定的各项任务。,0
项目副经理兼设备采购工程师,工作描述： 岗位职责： 具体负责“锦城湖1、2号湖水生态重构施工一标段”项目的施工工作，保障项目的顺利推进。 工作内容： 1、担任锦城湖项目副经理，接触、协调甲方、监造、过控、物业等相关人员，对于复杂问题，及时向项目经理汇报，沟通； 2、根据现场需求，全面负责现场的设备采购，保障现场的物料供给，以便施工动作按时、顺利实施； 3、负责拟采购设备\材料的市场调研、询价、比价工作，把控设备的重要性能参数满足使用需求，并将调研结果上报公司，而后根据公司预控单：①、对于大型设备，进行供方遴选，实地考察，商务谈判，签订合同等全流程工作。②、对于小型设备，将拟采购价格提交经公司审核，经批准后进行采购。③普通耗材、工具、外协等，直接采购后报公司备案； 4、根据需求设计并外协项目所需设备及材料，满足施工要求。对已采购的设备进行安装调试，集合现场情况，设计、定制安装工艺、工具及工装； 5、建立合格供应商名录及潜在供方名录； 6、编制、建立《采购内部控制程序文件》（MP）、《采购外部工作程序》（INS）。,0
软件工程师,工作描述： 银行外包性质的公司，在这个公司中主要是外派到交通银行做产品需求开发，在其工作间努力做好自己的事情，完成自己的本质工作，严格要求自己，工作中通过QC平台和提CQ单提出来的问题分析并解决。加上每周固定的项目例会，对一周的工作进行汇报和总结。,1
策划,1、宣传片、专题片的脚本编写、摄制跟进直至成片； 2、大型活动与庆典的策划与执行；  3、招商方案、栏目的策划，并制作成PPT； 4、配合广告部与客户洽谈； 5、配合其他部门的同事完成工作任务，完成领导交代的事务。,0
软件工程师,工作描述： 2016年进入公司担任java开发工程师，主要负责产品模块功能开发。 2017年9月担任小组组长，主要负责产品需求和模块设计工作分工以及部分需求开发。 任职期间内参与了参数核查工具在内的开发工作，设计并开发了视频性能管理工具。,1
实习护士,工作描述： 每天扫床，消毒。巡视病房。静脉输液。留置针，早晚口会。发药。换药，清理褥疮，吸痰，呼吸机使用。心电图的使用，输液泵的使用，加药。大小夜,0
总经理,工作描述： 公司整体运营管理。设计并完善适合公司的销售渠道、招聘策略。完善业务结构。包括：银行贷款、经济合同担保、公司抵押放款、有息借款、投融资等。并根据市场发展形势，抓住国家支持立体车库行业发展机遇、建议股东抢占市场先机、投资新项目，以便加快集团发展速度。股接受我的建议后，马上组建《北京新空间立体车库发展有限公司》并兼任总经理目已开始做业务。,0
项目经理主管,工作描述： 项目的运营管理与交付,0
软件工程师,"工作描述： 在做项目过程中，巩固了java、html,js,css基础知识，熟练掌握了SSH三大框架，及其它主流框架例如iBatis 、Axis2等，能够熟练运用Tomcat、WebSphere服务器，有很多丰富的电信、联通及 电子商务网站开发实战经验，熟悉WebService soap,能在开发中熟练运用主流数据库Oracle、SQL Server，My SQL  !",1
Web前端开发,工作描述： 1. 勤于思考，对待工作认真负责，能够和同事积极交流，讨论，对新鲜的事物，有较强的好奇心； 2. 按照W3C的标准要求，使用Div+Css+JavaScript准确地布局代码，并应用了Html5和CSS3的新功能； 3. 对于json格式掌握理解，灵活应用定义和解析json数据，用正则表达式做数据校验； 4. 熟悉使用管理工具SVN，了解cordova等开发APP工具； 5. 了解应用Ccocos2d JS开发游戏。,1
凉山州昭觉县瓦姑小学支教老师,工作描述： 1.负责四年级/学前班数学课程的教授  2.引导/监督孩子们养成好习惯：洗手/刷碗/守时/勤劳  3.影响改变当地乡亲们的部分观念：促进当地村民对女娃学习教育的支持----女娃是未来的母亲，一个家要改变，母亲的思想观念是关键  4.反馈并引导外界对山区的关注，适当纠偏：外界普遍认为当地穷山恶水出刁民，用同情可怜的眼光看待他们，但幸运的是我的朋友圈这样的朋友很少。,0
安全管理、土建施工、资料员,工作描述： 在工程项目部主要从事安全管理、土建施工，并配合机务、电气、调试人员开展相关工作。主要对电厂、热电厂及钢铁厂烟气进行环保处理以达到国家规定排放标准，主要涉及的结构基本都为钢结构施工。,0
java开发工程师,1，负责研公司应用软件的模块设计 开发和交付   2 参与项目的需求分析，讨论设计表结构   3 研究项目技术细节，编写相应的文档说明书,1
交易服务经理,工作描述： 在国信证券珠海分公司金融工程部担任交易服务经理一职。主要职责是负责推广公司的国信tradestation量化交易平台，提供交易服务，同时负责投资者教育工作。根据客户需求编写量化交易策略，进行策略回测工作并不断完善。与传统投资顾问协同合作，用量化交易程序实现他们的交易策略并进行回测。另外还协助公司与部门开展校园招聘工作，赴武汉、长沙进行校园招聘。,1
采购工程师助理,工作描述： 主要负责采购数据的分析，采购资料的整理，每个月对34家合作公司的工程师工资进行审核与分析，熟练使用excel办公软件对工资进行录入与核对，平均每天准确无误地录入数据1600多个。,0
程序员,工作描述： 主要负责江北粮站的收粮系统开发和维护,1
技术员,工作描述： 完成技术负责人分配工作任务，指导现场施工人员技术方面。,0
经理,工作描述： 自己开店  电脑维修 楼宇智能化   网络布线  监控安装 等等,1
招商专员兼行政人事助理,工作描述： 招商工作内容： 1、上门客户的接待及讲解工作。 2、企业入园及上会相关文本材料编制。 3、协助企业办理入园和建设相关资料。 4、招商客户资料登记及汇总。 5、负责入园企业合同、档案及相关资料的管理。 6、建立客户档案，进行分类整理。 7、协助入园企业办理工商注册、立项备案等相关工作。 行政人事工作内容： 1、负责公司人员招聘； 　 2、维护招聘渠道，发布招聘信息；招聘效果评估及反馈 3、管理公司车辆，负责车辆保养、审验、购买保险等事宜； 4、负责办公用品采购及固定资产的管理工作，做好登记存档，并对办公用品的领用、发放、出入库做好登记。 5、公司团建、年会等活动的组织，安排； 6、完成上级领导交办的其他工作。,0
保全岗,工作描述： 处理保单变更，复效，红利领取，生存给付，保单转移，退保等，以及领导交办的其他工作。,0
软件测试工程师,工作描述： 01.熟悉软件测试理论、测试流程，如：测试的分类、测试的原则 02.熟悉编写测试文档 如：需求分析、测试计划、测试用例、测试报告、Bug的提交 03.熟悉应用黑盒测试用例设计方法 如：错误推测法、场景法、边界值、等价类划分 04.熟悉搭建Linux环境和Web环境 05.熟悉掌握Linux操作系统，如：Vi命令、系统命令、打包压缩、网络命令等 06.熟悉掌握Oracle数据库，如：用户的操作、表的操作、单表和多表的增删改查 07.熟悉性能测试，使用工具：Jmeter，测试并发数 08.熟悉Python+selenium自动化，对功能稳定的模块做自动化测试并使用selenium的八大元素定位方法 09.熟悉使用禅道对Bug的提交和跟踪，使用Badbay工具录制、回放脚本 10.熟悉使用SVN进行文件版本管理 11.熟悉Web测试点，如：功能测试、性能测试、安全性测试等 12.熟悉APP测试点，如：功能测试、兼容性测试、异常性测试等,1
市场总监/经理/主管,"工作职责： 综合类职位：市场经理→项目主管→BD经理→销售经理（4A）→公关媒介→工会主席  1、负责按照运营目标完成上级布置运营计划，网站（丫丫网&amp;爱孕网）品牌建设；  2、促进与协调相关各部门工作配合沟通；  3、全面负责网站新老项目研发、推广和人员培训工作；  4、研究新颖独特有效的互动网络推广方式来推广网站；  5、提升公司网站的知名度、访问量、注册量和信息发布量；  6、制定、组织、实施即评估相关线上推广活动；  7、建设、维护各类网络媒体，BD及建设媒体政府关系；  8、发展与维护各类商务合作伙伴，并对合作伙伴的工作进行跟踪与督促；  9、领导团队开展部门工作，培训及评估考核下属，强化团队凝聚力；  10、定期制作月度、季度及年度工作计划的落实；  11、接洽4A媒介&amp;维护广告主公共关系。带领销售团队完成业绩任务；  12、企业文化建设&amp;品牌文化建设；  （丫丫信息旗下：丫丫网、爱孕网）是亲子类和上海孕妈咪的领先网媒之一。2年前，我见证着从10来个人发展到目前的150+人的公司，并和团队一起努力的将丫丫网的市场和分站等随公司的发展建设、开拓了新的项目。在此期间，我也尝试了不同的位置，市场、编辑，上海分站的从零到无的建设、活动策划，主持人、BD经理、培训新人、工会主席（做企业文化），多种位置的挑战和学习体验了不同的对用户和对客户对同事间的职责，积累了一定资源的婴童客户群、媒体公共关系、互联网营销策略,某时间可以通过省钱的方式进行推广。作为媒体的位置，了解女性、儿童、家庭的消费观。对家庭消费类品牌、时尚类产品有着前瞻性的市场概念。",0
金融产品销售,工作描述： - 协助客户经理向大资产客户推销适当的理财产品，负责每日客户通话量100通，整理维护客户微信，根据客户投资偏好进行分组，与客户沟通并提供专业咨询； - 通过服务客户了解客户的投资偏好，给出合理建议，如对激进型客户建议配置偏股型基金，对保守型客户建议配置债权类基金， 其建议被客户采纳，实习期内配合团队完成大资产客户创收三万元的业务指标； - 对公司主推产品进行追踪分析，协助团队撰写投资报告。,0
web,"工作描述： 1、运用html、css、css3、h5实现基本的页面布局，基本的动画效果 2、使用JavaScript和jQuery、jQuery插件(fullPage.js,TouchSlide.js...)实现页面的动态效果 3、使用Ajax与后端人员进行交互 4、使用bootstrap前端框架开发响应式页面",1
系统测试工程师,工作描述： 1、负责e-hr系统环境的配置，熟悉HR业务，与客户及时沟通交流，分析客户需求；  2、熟练二次开发的操作以及系统的设计，使用SQL语句在二次开发平台上进行操作编程以及有针对性的功能修改，实现客户需求；  3、测试系统是否可以上线，并负责撰写测试功能模块结果报告,1
项目工程师,工作描述： 现就职于北京江森自控公司，工程部门，主要负责弱电工程的现场进度生产及管理（包括但不限于图纸深化、材料采购、开会、现场协调、进度计划、清单编制、设备调试、进场验收、安全管理、算量）,0
区域经理,工作描述： 负责管理区域内客户，完成公司销售任务，年营业额300万左右,0
研究员,工作描述： 1、及时发现市场热点，并对相关行业和公司进行研究，提供相应投资建议。  2、跟踪国家行业发展政策或者产业规划，对有关政策法规和产业规划进行解读。  3、完成对指定行业的长期跟踪研究，独立编写相应的报告。  4、利用wind、chioce等数据库软件收集整理相关行业、公司数据。  5、不定期撰写个股推荐报告，帮助基金经理进行投资决策。,1
电气/电器工程师,工作描述： 负责四合一、五合一辅助动力控制器电气原理设计，线束设计,0
市场分析,1、负责新项目前期策划报告制作及对接第三方咨询机构，探讨项目定位、产品形态、产品内容、业态布局等。 2、项目前期策划文本编写，制作规划设计修建性方案报告。 3、研究旅游地产民宿发展规律及发展模式，为项目民宿产品规划设计提出意见。 4、新项目前期策划调研报告撰写。 5、旅游地产民宿产品前期拓客及客户积累。,0
网络工程师,"工作职责： 负责公司网络维护,处理公司计算机,路由,交换机出现的日常问题;维护win2003server,netware,sqlserver,isa服务器;为公司搭建过linux+sendmail邮件服务器",1
销售,工作职责： 提供代练，出售游戏币和装备等，期间做过《永恒之塔》《天机》《奇迹世界》《口袋西游》等游戏。,0
内外饰设计工程师,工作描述： 租人项目（2017.2-2017.4）：北汽福田宝沃S500项目，门护板的数据修改工作； 租人项目（2017.4-2017.6）：长城CHB073项目，门护板的数据修改工作；,0
总裁办主任,工作描述： 总裁办主任主要职责：下属人数19人，不含外包食堂保洁保安  一、 年度经营计划制定 1. 组织各业务系统对运营情况进行阶段评估，提出下一年度经营目标及主要策略。 2. 负责组织制订公司年度经营计划，包括确定年度经营目标、实现策略等。 3. 下发年度经营计划草案给各相关部门，为制定其i经营计划和年度预算草案提供依据，与集团财务部预算管理相衔接。 4. 提交年度经营计划草案并跟进，保证按时报批。  5.年度计划分解及月度计划跟进。  6.组织总裁月度例会、公司级会议管理、跨部门事项协调、二、负责公司行政管理，包括食堂、宿舍、公车、公务接待、大型会议、前台、档案、公章、公文、外来文件、新闻宣传、保密、办公环境、办公用品、打印、视频设备、空调系统、保安、保洁、绿化、快递、办公楼装修出租、办公位分配、车库、机票酒店餐饮预订、租车、会议室管理、工商注册登记、子公司成立注册转让注销管理、知识产权商标管理、消防安全、水电维修、秘书、荣誉申报、政府资助项目申报、零星物品采购等。 三、负责公司企业文化建设工作如企业文化手册编写、培训宣贯、活动方案执行、企业VI等。管理公司微信号、网站、内网及改版。  四、制度流程管理 1. 主要负责制度流程体系规划，以指导流程建设工作。 2. 组织一级、二级流程、制度的建立、梳理、评审、会审、优化，确保科学、合理、规范。 3. 形成流程修订的建议，提报公司领导批准。 4. 督促各部门进行流程的培训，确保新流程的有效执行。 5. 辅导各部门的新流程执行，及时协调解决可能出现的问题。 五、 业绩目标跟踪管理 1. 会同人力资源部进行业绩目标分解，形成年度绩效考核体系。定期跟踪年度经营目标完成情况。 2. 负责建设公司会议管理体系，参加评估有关会议执行情况及效果。包括但不限于公司年会、公司高管年度述职质询会、公司月度总裁办公例会、营销经营分析会、成本分析会、生产月会、管理论坛、部门月度会议、供产销协调会、战略研讨会等。 六、其他工作  负责部门管理，下属人员绩效目标设置、绩效考核评价、激励、培养； 负责公司授权权限表及调整工作； 负责公司风险管理和风控工作； 负责公司外部关系维护工作； 负责员工满意度调查及改善工作； 负责公司工作报告撰写、总裁及会议纪要事项、异常事项跟进报告； 负责公司员工满意度调查及改善工作。,0
董事会秘书,工作描述： 担任董事会秘书职务。在公司董事会集体领导指挥下，为公司在珠海京珠高速公路下栅检查站东部滨海区域开发的“名爵观园“别墅项目做系统管理相关的工作。1、把董事会的意愿、决策、指令下达给项目班子，并负责跟进、督促和落实，并及时附加意见向董事会汇报沟通；2、参与公司董事会意向的经营决策，就可行性做好前期的论证工作；3、协助公司企划销售部门，参与并完善、推动、促进营销推广工作；4、在采购部，经办公司大小采购事务，审核采每一笔采购事项；将采购部工作制度化、公开化、透明化；建立程序化、数据化采购流程体系。,0
财务实习生,工作描述： 在该公司职位是财务实习生，主要工作内容： 1.专用发票、普通发票开具申请和领取，专用发票抵扣联的认证。 2.将发票存根联传递给会计。 3.发票抵扣联、作废发票的分类归档整理。 4.核对并检查各个项目车位收费系统与车位开卡情况。,0
成本费用会计、资产会计,工作描述： 成本费用会计岗位职责： 1、按照财务部相关规定，在预算及资金用款计划内，坚持原则，节约费用，不合规费用不予报销; 2、认真审核各种费用单据，要求业务情况真实，符合报销管理制度; 3、及时填制记帐凭证，金额和摘要清楚，按照组织架构和各项费用的核算项目制单； 4、月底进行各牛群成本结转及牛奶成本、收入账务处理； 5、每月进行生物资产全面盘点，固定资产、存户等抽查盘点，出具盘点报告，分析原因，与生产部门及时沟通，规范生产部门出入库业务、资产购入-清理报废流程； 6、每月3号前出具公司运营报表，并上报总部； 7、每月8号之前负责牧场内部成本分析会材料制定，对比预算执行情况，关键指标完成情况； 8、每月税务抄报，员工工资发放； 9、年度全面预算编制工作； 10、承办领导安排其他临时工作；,0
position_name for K84m0b9c,responsibilities for hVTywDCK,0
销售工程师,工作描述： 通过跟客户沟通以及出差去现场拜访客户，挖掘潜在客户，跟客户签订产品购销合同，帮助客户解决现场的仪表问题。,0
客户服务专员,工作描述： 学校安排四个多月的嬉戏谷实习，面试了嬉戏谷的客服部，进入部门后主动学习了多项工作需掌握的技能，适应能力较强。整个实习期间掌握了嬉戏谷的园区音乐播放、为游客开设发票、游客调查问卷、检票、网络客服、电话咨询以及各种客服人员所需技能。,0
高级营销经理,工作职责： 1、参与制定医疗行业整体解决方案； 2、洞察华为云和大数据产品在医疗行业的落地场景。 3、与合作厂商（ISV）共建医疗生态环境，制定整体打包解决方案，推向一线销售与客户； 4、组织华为内部资源、共同完成规划后产品应用架构、技术架构、原型设计、Demo开发； 5、参与医疗产品全生命周期管理――从规划到Demo产生，到产品发展成熟，到持续迭代，再到下一个产品的诞生； 6、配合销售打单，支撑销售私有云、大数据项目。,1
生产专员,1.负责公司材料报表的收集以及审核 2.负责新开项目安监备案等一系列工作 3负责项目人员能力定级考核 4.负责项目安全检查,0
电脑技术员,"工作职责： 1、负责网吧计算机网络系统的安全运行、日常维护和管理等工作 2、负责网吧计算机网络系统软硬件的安装、升级、维护、管理等工作 3、负责网吧计算机、局域网、服务器的防病毒管理等工作 4、掌握服务器、网络、TCP／IP，HTTP,FTP协议工作原理 5、有丰富的系统故障排查和解决经验，突出的分析和解决问题的能力",1
测试员,工作描述： 空调控制器功能逻辑准确性，与结构可靠性功能合理性测试,0
大堂经理、营业部副主任,工作描述： 接待办理银行业务客户，回答咨询银行业务及银行投资理财残品客户，管理银行营业柜台柜员，审核营业柜员票据，审批营业柜员大额授权,0
助教老师,工作描述： 辅助学生解决上课时间遗留的疑难问题，并尽可能的拓展学生的思维，为他们找工作打好基础。监督学生认真听课。丰富他们的课余生活,0
销售部实习生,"工作描述： 挖掘客户，接待客户和维护客户； 协助部门进行酒店网络销售, 及宣传推广活动； 与其他部门提供及时有效的沟通；",0
采购经理/主管,工作描述： 负责公司整个房车项目的采购，根据房车生产进度，安排原材料市场开发及原材料采购，确保质量和进度,0
工程监理/质量工程师,"工作描述：         职责:前三年履行专业监理工程师职责,最后一年履行项目总监理工程师职责。      工作任务：负责暖通、空调、给排水、消防、喷淋、净化空调等专业的施工监理工作，还包括项目总监的整个项目的监理任务，具体包括：协助甲方订购设备，参加各种招标和考察，进行开工审核、施工单位资质、施工组织设计、施工方案、人员、机械、进度计划、进度报表、进度款审核，现场工程施工质量的核查、施工过程的见证、施工变更的核查、安全措施的落实、施工预算的把关，参加工程调试和竣工验收，确保完成监理合同规定的监理任务。      成绩：在郑州市中医院病房楼、旧病房楼改造、互助路小学教学楼、交通局综合大楼、河南省中医学院一附院新病房楼、上海银峰大厦工程中负责给排水、热力、暖气、空调、通风、消防水系统、站房的施工监理工作，任专业监理工程师。在河南省中医学院综合楼、上海时美大厦工程中不但任总监，而且兼任专业监理工程师。我所负责的专业和项目均确保了质量和安全，造价也在控制范围内。离开该公司后，公司老总非常后悔没能把我留下来。      经历四年的施工项目现场监理工作，使我开阔了眼界，了解了其它专业方面的常识，熟悉了各个专业之间的协调配合，掌握了工程监理的程序、方法，外加刻苦自学，取得了国家注册监理工程师、国家咨询工程师资格证，最高胜任了项目总监岗位。",0
主案老师,工作描述： 基本信息同上,0
兼职,工作描述： 参与麦当劳委托思玮调查全市门店的项目 负责麦当劳奉贤南桥分店 每天准时完成任务，统计数据，了解麦当劳南桥分店各时间段的人流量，主要消费群体，消费金额，消费频率，对麦当劳品牌的忠诚度等 完成的非常详细，得到主管的认可,0
站务员,工作描述： 管理车站秩序,0
项目总监,"工作描述： 负责对公司APP软件需求分析与定义；开发框架选型；前端、后台核心逻辑分析与定义；移动产品开发团队的人员组建与管理；项目跟进与管理； 在职期间的主要工作成绩如下：  1、制定了适用于本公司开发人员习惯的android, xcode代码规范、项目跟进制度； 2、积累APP的基础框架内容，具体请参看“街坊”项目内容描述； 3、白云山和记黄埔中药有限公司移动OA项目。 4、广州保税区免税商品采购APP项目，IOS版开发。",1
销售专员,1.输出区域所有渠道经销存PSI、核心客户提货、激活、周转跟进、销售所有渠道及区域销售达成及区域销售激励KPI考核跟进；  2.阶段性输出销售日报、周报、月报及销售运营复盘报告，支持业务组及区域销售数据；  3.学习并掌握基本数据库软件orcle及运用SQL语句优化数据输出工作，优化渠道销售运营数据处理。,1
法官助理,工作描述： 法官助理  书记员等相关工作,0
人事主管,工作描述： 1、内外部招聘日常管理：人员需求分析并招聘计划、招聘流程优化及实施、应聘及面试管理评估;人员录用、背景调查及试用期跟踪；  2、招聘渠道拓展：建立并发展多种招聘渠道，根据职位差异选择有效招聘渠道；定期维护招聘渠道进行分析淘汰；根据时间节点完成招聘任务；  3、公司内部人员考核的实施：参与建立、完善和优化公司绩效管理体系；对业务职能部定期进行考核执行、沟通、评估、改进；部门内部员工的配置、培训、考核、激励方案等工作；  4、薪资系统内的社保公积金个人部分、发薪日期、异常数据等内容进行审核；  5、综合管理部日常事务：填制、统计、汇总各类人资数据，编制相关报表工作，相关人事成本预算和管控，提报上级人资部门;  6、劳动纠纷处理：及时为员工提供劳动法律、法规以及政策等方面的咨询服务；,0
java工程师,工作描述： 根据需求负责功能研发以及单元测试。,1
会计、模特经纪人,1）公司记账、报税、结算、资料数据整理工作；  2）模特前期培训、活动安排、模特管理与沟通等；  3）联系客户，安排模特面试，带领模特前往拍摄场所试镜拍片。,0
教师,工作描述： 公司主要做创客教育方面的，教师主要学习相关创客教育的知识运用到教学方面,0
数据库工程师/管理员,1、负责各项目中数据库的规划与部署。   2、负责各项目硬件架构的定制。   3、负责项目中各项文档及方案的编写与交付。   4、负责提供各项目数据库的应急支持。   5、负责公司内部相关数据库知识的培训。   6、负责各项目数据库容灾策略定制与灾难演练。,1
经营拓展,工作描述： 1、协助部门负责人编辑部门管理制度及绩效方案  2、负责年度新交付项目的美居业务，根据公司全年经营指标，制定经营任务。  3、负责对老项目引进多种经营业务，并协同项目扶持各类业务落地  4、负责集团金融、教育等协同业务的开展,0
运营推广,工作描述： 在实习期间，完成上级安排的任务，执行力达标。负责公司在我校的活动执行、项目跟进、活动推广。  寻找对项目感兴趣的同学、对项目进行很好的解释，为公司招募有兴趣的同学共同合作。,0
区域财务控制主管,"财务主管 11年3个月] 少于50人 1,2018年1月至今 某德资物流公司 负责宁波和苏州区域财务管控,公司主营国际货物运输和仓储物流配送业务,涉及海空运和铁路运输一揽子门到门服务,并涉及仓储,报关报检服务 集团已经于2017年底完成了企业ERP过渡,并且目前正在使用teambition以实现无纸化的领导审批,节能高效",0
福建分公司直销渠道督导,工作描述： 全省直销渠道业务督导，培训体系搭建及实施；企业特需金，员工福利项目洽谈跟进；,0
系统工程师,"工作描述： ?	负责IBM小机日常维护  ?	负责AIX、redhat、suse等系统维护和升级，解决系统问题，制定运维脚本；  ?	负责系统稳定性的保障工作，精通PowerHA和PowerVM的平台使用和搭建；  ?	负责运维日立存储和IBM DS系列存储；  ?	通过HMC进行虚拟化资源管理；  ?	负责AIX以及linux系统的信息和数据安全；  ?	服务请求、系统故障快速解决  ?	按流程执行系统变更  ?	协调供应商进行硬件故障修复  ?	负责系统软件安装及补丁升级  ?	确保系统稳定性满足SLA  ?	协助进行IT架构规划与设计",1
销售 中教,工作描述： 销售，教学,0
软件测试主管兼实验室质量负责人,工作描述： 1、组织新产品开发过程中的软件测试工作，以及产品维护过程中软件升级测试，参与特殊订单的软件及参数文件的审核； 2、负责产品质量研发的把关，问题跟踪的分析及解决； 3、审核、监督每项工作计划的执行情况；定期召开部门工作总结会议；对下属进行岗位技能培训；梳理及改进部门工作流程、改进工作方法等； 4、编辑、审核软件测试规范，构建电能表产品的测试体系。,1
工程总监,1、主持片区公司工程管理部全面管理工作，直接向片区公司总经理汇报工作，综合管控片区公司约300多万平方米各类住宅及公建项目，协调片区内部与外部关系； 2、落实集团公司工程中心管理制度与管控流程在片区公司项目上的具体执行； 3、负责在建项目日常管理，前期开发办证及手续工作管理，资源单位招标与工程主材采购，片区各类营销示范区维护及结算，交房项目维修及结算等管理工作； 4、通过现场巡检办公，重点对开发各类产品的工程质量、进度、成本、安全进行管理。 5、对个各资源单位进行考察引进入资源库，参与总包、各甲分包队伍和物资供应商的招标定标工作，对各项资源进行科学的管理控制；过程中对资源单位打分评估，淘汰不合格的资源单位，保留优秀的资源合作单位，长期战略合作； 6、负责部门新员工的招聘、培训及团队管理工作。,0
电仪室主任,工作职责：                                     主要负责项目电气方案制定及施工图绘制，贯彻落实国家法规、规范，根据项目要求出具各项目电力（强、弱电）长期和近期规划方案，并组织电气方案的施工图绘制。负责项目电力负荷计算及高、低压设计方案，负责项目施工图电气部分技术。    图纸审核：协助室主任负责项目高、低压电气专业初步设计、施工图图纸的校核，负责自动化设备控制原理的审核，严格控制造价，满足功能性要求。,0
客服主管,工作描述： 1、负责日常下属职员的工作分配与部署（客户跟进、投诉处理等）  2、负责对本部门各岗位业务流程的管理与监督，并对临时出现的紧急事务及时处理，避免业务风险  3、整理与统计每日、每周以及每月的业务数据，并进行分析，出具报告。  4、根据每天的分析数据，总结错误并及时提醒改正  5、计划并安排客服人员的定期培训工作  6、对员工的业绩能力进行考核,0
